{"cameraMode":{"drawMode":0,"name":"Shaded","section":"Shading Mode"},"sceneLighting":false,"audioPlay":false,"sceneViewState":{"showFog":true,"showMaterialUpdate":true,"showSkybox":false,"showFlares":true,"showImageEffects":true,"showParticleSystems":true},"in2DMode":false,"pivot":{"x":-1.4961681365966797,"y":-0.7845016121864319,"z":-2.746999740600586},"rotation":{"x":-0.024509189650416375,"y":0.9577479958534241,"z":-0.08584970235824585,"w":-0.27344003319740298},"size":9.925641059875489,"orthographic":false}