{"cameraMode":{"drawMode":0,"name":"Shaded","section":"Shading Mode"},"sceneLighting":false,"audioPlay":false,"sceneViewState":{"showFog":true,"showMaterialUpdate":true,"showSkybox":false,"showFlares":true,"showImageEffects":true,"showParticleSystems":true},"in2DMode":false,"pivot":{"x":-0.21413254737854005,"y":-1.1410107612609864,"z":0.3955814838409424},"rotation":{"x":-0.2684398591518402,"y":0.5064305663108826,"z":-0.1695651262998581,"w":-0.8017120957374573},"size":5.518155097961426,"orthographic":false}