{"cameraMode":{"drawMode":0,"name":"Shaded","section":"Shading Mode"},"sceneLighting":false,"audioPlay":false,"sceneViewState":{"showFog":true,"showMaterialUpdate":true,"showSkybox":true,"showFlares":true,"showImageEffects":true,"showParticleSystems":true},"in2DMode":false,"pivot":{"x":-1.9514124393463135,"y":-2.1919031143188478,"z":-23.80640983581543},"rotation":{"x":-0.08116471767425537,"y":0.8533685207366943,"z":-0.13973848521709443,"w":-0.49565550684928896},"size":12.40998649597168,"orthographic":false}