{"cameraMode":{"drawMode":0,"name":"Shaded","section":"Shading Mode"},"sceneLighting":false,"audioPlay":false,"sceneViewState":{"showFog":true,"showMaterialUpdate":true,"showSkybox":false,"showFlares":true,"showImageEffects":true,"showParticleSystems":true},"in2DMode":false,"pivot":{"x":-1.1712677478790284,"y":-2.9941232204437258,"z":-1.6573710441589356},"rotation":{"x":-0.06871812045574188,"y":0.930264413356781,"z":-0.27648693323135378,"w":-0.23120804131031037},"size":8.660099983215332,"orthographic":false}