{"cameraMode":{"drawMode":0,"name":"Shaded","section":"Shading Mode"},"sceneLighting":false,"audioPlay":false,"sceneViewState":{"showFog":true,"showMaterialUpdate":true,"showSkybox":false,"showFlares":true,"showImageEffects":true,"showParticleSystems":true},"in2DMode":false,"pivot":{"x":0.015846166759729387,"y":0.6438210010528565,"z":0.0},"rotation":{"x":-0.03455813229084015,"y":0.9650741815567017,"z":-0.19694611430168153,"w":-0.16933895647525788},"size":2.774869680404663,"orthographic":false}