{"cameraMode":{"drawMode":0,"name":"Shaded","section":"Shading Mode"},"sceneLighting":false,"audioPlay":false,"sceneViewState":{"showFog":true,"showMaterialUpdate":true,"showSkybox":false,"showFlares":true,"showImageEffects":true,"showParticleSystems":true},"in2DMode":false,"pivot":{"x":-0.7314830422401428,"y":0.9449612498283386,"z":0.07320421189069748},"rotation":{"x":-0.08220940828323364,"y":-0.6549930572509766,"z":0.07201571762561798,"w":-0.7476988434791565},"size":3.414470672607422,"orthographic":false}