{"cameraMode":{"drawMode":0,"name":"Shaded","section":"Shading Mode"},"sceneLighting":false,"audioPlay":false,"sceneViewState":{"showFog":true,"showMaterialUpdate":true,"showSkybox":false,"showFlares":true,"showImageEffects":true,"showParticleSystems":true},"in2DMode":false,"pivot":{"x":-1.5308008193969727,"y":-19.346113204956056,"z":-19.37141227722168},"rotation":{"x":-0.4766228497028351,"y":0.001311974716372788,"z":-0.0007095833425410092,"w":-0.879131019115448},"size":34.49200439453125,"orthographic":false}