{"cameraMode":{"drawMode":0,"name":"Shaded","section":"Shading Mode"},"sceneLighting":false,"audioPlay":false,"sceneViewState":{"showFog":true,"showMaterialUpdate":false,"showSkybox":false,"showFlares":true,"showImageEffects":true,"showParticleSystems":true},"in2DMode":false,"pivot":{"x":-0.9926049113273621,"y":18.21660804748535,"z":-12.091869354248047},"rotation":{"x":0.19373197853565217,"y":0.6766660809516907,"z":-0.19165048003196717,"w":0.6840088367462158},"size":8.75971794128418,"orthographic":false}