{"cameraMode":{"drawMode":0,"name":"Shaded","section":"Shading Mode"},"sceneLighting":false,"audioPlay":false,"sceneViewState":{"showFog":true,"showMaterialUpdate":true,"showSkybox":false,"showFlares":true,"showImageEffects":true,"showParticleSystems":true},"in2DMode":false,"pivot":{"x":-2.9812028408050539,"y":-2.7648284435272219,"z":0.04462733119726181},"rotation":{"x":-0.07911799103021622,"y":0.9136618375778198,"z":-0.3354792892932892,"w":-0.21547457575798036},"size":9.335373878479004,"orthographic":false}