{"cameraMode":{"drawMode":0,"name":"Shaded","section":"Shading Mode"},"sceneLighting":false,"audioPlay":false,"sceneViewState":{"showFog":true,"showMaterialUpdate":true,"showSkybox":false,"showFlares":true,"showImageEffects":true,"showParticleSystems":true},"in2DMode":false,"pivot":{"x":-1.0377806425094605,"y":0.07289838790893555,"z":2.0762743949890138},"rotation":{"x":-0.05167706310749054,"y":0.9351882934570313,"z":-0.3150034546852112,"w":-0.1534201055765152},"size":9.335373878479004,"orthographic":false}