{"cameraMode":{"drawMode":0,"name":"Shaded","section":"Shading Mode"},"sceneLighting":false,"audioPlay":false,"sceneViewState":{"showFog":true,"showMaterialUpdate":true,"showSkybox":false,"showFlares":true,"showImageEffects":true,"showParticleSystems":true},"in2DMode":false,"pivot":{"x":0.09075240790843964,"y":-0.3685961067676544,"z":2.2441983222961427},"rotation":{"x":-0.20157086849212647,"y":0.036125704646110538,"z":-0.007442554924637079,"w":-0.9788002967834473},"size":5.228235244750977,"orthographic":false}