{"cameraMode":{"drawMode":0,"name":"Shaded","section":"Shading Mode"},"sceneLighting":true,"audioPlay":false,"sceneViewState":{"showFog":true,"showMaterialUpdate":false,"showSkybox":true,"showFlares":true,"showImageEffects":true,"showParticleSystems":true},"in2DMode":false,"pivot":{"x":-2.312440872192383,"y":-0.1436123251914978,"z":-0.7903997302055359},"rotation":{"x":0.29419976472854617,"y":-0.6793762445449829,"z":0.34724101424217226,"w":0.5756052732467651},"size":10.531169891357422,"orthographic":false}