{"cameraMode":{"drawMode":0,"name":"Shaded","section":"Shading Mode"},"sceneLighting":false,"audioPlay":false,"sceneViewState":{"showFog":true,"showMaterialUpdate":true,"showSkybox":false,"showFlares":true,"showImageEffects":true,"showParticleSystems":true},"in2DMode":false,"pivot":{"x":-0.3870716094970703,"y":-0.23838019371032716,"z":-2.2669544219970705},"rotation":{"x":0.029293138533830644,"y":-0.9694631695747376,"z":0.19540774822235108,"w":0.14532525837421418},"size":5.920465469360352,"orthographic":false}