{"cameraMode":{"drawMode":0,"name":"Shaded","section":"Shading Mode"},"sceneLighting":false,"audioPlay":false,"sceneViewState":{"showFog":true,"showMaterialUpdate":true,"showSkybox":false,"showFlares":true,"showImageEffects":true,"showParticleSystems":true},"in2DMode":false,"pivot":{"x":-0.940000057220459,"y":0.5,"z":1.5399999618530274},"rotation":{"x":-0.4206467270851135,"y":-0.21219448745250703,"z":0.10187303274869919,"w":-0.8761726021766663},"size":2.8578836917877199,"orthographic":false}