{"cameraMode":{"drawMode":0,"name":"Shaded","section":"Shading Mode"},"sceneLighting":false,"audioPlay":false,"sceneViewState":{"showFog":true,"showMaterialUpdate":true,"showSkybox":false,"showFlares":true,"showImageEffects":true,"showParticleSystems":true},"in2DMode":false,"pivot":{"x":-5.679272651672363,"y":-0.7115580439567566,"z":3.919872760772705},"rotation":{"x":-0.04706854745745659,"y":0.7611421942710877,"z":-0.05558221414685249,"w":-0.6444966793060303},"size":9.925641059875489,"orthographic":false}