{"cameraMode":{"drawMode":0,"name":"Shaded","section":"Shading Mode"},"sceneLighting":false,"audioPlay":false,"sceneViewState":{"showFog":true,"showMaterialUpdate":true,"showSkybox":false,"showFlares":true,"showImageEffects":true,"showParticleSystems":true},"in2DMode":false,"pivot":{"x":4.878425598144531,"y":1.2609105110168458,"z":-17.860620498657228},"rotation":{"x":-0.03455813229084015,"y":0.9650741815567017,"z":-0.19694611430168153,"w":-0.16933895647525788},"size":1.387434959411621,"orthographic":false}