{"cameraMode":{"drawMode":0,"name":"Shaded","section":"Shading Mode"},"sceneLighting":false,"audioPlay":false,"sceneViewState":{"showFog":true,"showMaterialUpdate":true,"showSkybox":false,"showFlares":true,"showImageEffects":true,"showParticleSystems":true},"in2DMode":false,"pivot":{"x":8.00129222869873,"y":-9.564987182617188,"z":20.340930938720704},"rotation":{"x":-0.2552169859409332,"y":-0.12747469544410706,"z":0.03396718576550484,"w":-0.9578510522842407},"size":23.362550735473634,"orthographic":false}