{"cameraMode":{"drawMode":0,"name":"Shaded","section":"Shading Mode"},"sceneLighting":false,"audioPlay":false,"sceneViewState":{"showFog":true,"showMaterialUpdate":true,"showSkybox":false,"showFlares":true,"showImageEffects":true,"showParticleSystems":true},"in2DMode":false,"pivot":{"x":0.7150000333786011,"y":0.5,"z":-0.6749999523162842},"rotation":{"x":-0.4206467270851135,"y":-0.21219448745250703,"z":0.10187303274869919,"w":-0.8761726021766663},"size":8.859040260314942,"orthographic":false}