{"cameraMode":{"drawMode":0,"name":"Shaded","section":"Shading Mode"},"sceneLighting":false,"audioPlay":false,"sceneViewState":{"showFog":true,"showMaterialUpdate":true,"showSkybox":false,"showFlares":true,"showImageEffects":true,"showParticleSystems":true},"in2DMode":false,"pivot":{"x":-0.3775496780872345,"y":0.661465048789978,"z":0.35603147745132449},"rotation":{"x":0.08555731177330017,"y":-0.8531739711761475,"z":0.14812013506889344,"w":0.4928032159805298},"size":2.988276958465576,"orthographic":false}