{"cameraMode":{"drawMode":0,"name":"Shaded","section":"Shading Mode"},"sceneLighting":false,"audioPlay":false,"sceneViewState":{"showFog":true,"showMaterialUpdate":true,"showSkybox":false,"showFlares":true,"showImageEffects":true,"showParticleSystems":true},"in2DMode":false,"pivot":{"x":1.3177403211593629,"y":0.3064323663711548,"z":-0.2293298840522766},"rotation":{"x":-0.1278793215751648,"y":-0.5301708579063416,"z":0.08126275986433029,"w":-0.8342686295509338},"size":2.770857810974121,"orthographic":false}