{"cameraMode":{"drawMode":0,"name":"Shaded","section":"Shading Mode"},"sceneLighting":false,"audioPlay":false,"sceneViewState":{"showFog":true,"showMaterialUpdate":true,"showSkybox":false,"showFlares":true,"showImageEffects":true,"showParticleSystems":true},"in2DMode":false,"pivot":{"x":0.20499998331069947,"y":0.39250004291534426,"z":1.8650000095367432},"rotation":{"x":-0.026020871475338937,"y":0.9309908151626587,"z":-0.35777899622917178,"w":-0.06771324574947357},"size":8.660099983215332,"orthographic":false}