{"cameraMode":{"drawMode":0,"name":"Shaded","section":"Shading Mode"},"sceneLighting":false,"audioPlay":false,"sceneViewState":{"showFog":true,"showMaterialUpdate":true,"showSkybox":true,"showFlares":true,"showImageEffects":true,"showParticleSystems":true},"in2DMode":false,"pivot":{"x":-2.5495810508728029,"y":1.9161182641983033,"z":22.372156143188478},"rotation":{"x":-0.2467857301235199,"y":-0.29865655303001406,"z":0.08025460690259934,"w":-0.9184116721153259},"size":2.8578836917877199,"orthographic":false}