{"cameraMode":{"drawMode":0,"name":"Shaded","section":"Shading Mode"},"sceneLighting":false,"audioPlay":false,"sceneViewState":{"showFog":true,"showMaterialUpdate":true,"showSkybox":false,"showFlares":true,"showImageEffects":true,"showParticleSystems":true},"in2DMode":false,"pivot":{"x":3.4518096446990969,"y":0.30355772376060488,"z":1.398537039756775},"rotation":{"x":-0.026020871475338937,"y":0.9309908151626587,"z":-0.35777899622917178,"w":-0.06771324574947357},"size":9.925641059875489,"orthographic":false}