{"cameraMode":{"drawMode":0,"name":"Shaded","section":"Shading Mode"},"sceneLighting":false,"audioPlay":false,"sceneViewState":{"showFog":true,"showMaterialUpdate":true,"showSkybox":false,"showFlares":true,"showImageEffects":true,"showParticleSystems":true},"in2DMode":false,"pivot":{"x":-6.3148932456970219,"y":-24.98862075805664,"z":-49.144981384277347},"rotation":{"x":-0.31137579679489138,"y":0.10349289327859879,"z":-0.03413519263267517,"w":-0.944037675857544},"size":52.11264419555664,"orthographic":false}